month,recovery,payment_events,accounts_recovered,mom_growth_pct,recovery_per_recovered_account,targeted_accounts,targeting_events,total_calls,contacted_calls,contact_rate,rpc_calls,rpc_rate,ptps,ptp_accounts,rpc_accounts,ptp_rate,resolved_ptps,kept_ptps,ptp_kept_rate,agent_hours,active_agents,recovery_per_targeted_account,recovery_per_agent_hour,recovery_per_active_agent
2025-12,,,,,,,,1,0,0.0,0,0.0,,,,,,,,,,,,
2026-01,187229127.59,2464.0,2374.0,,78866.52383740523,5732.0,6369.0,12683,2703,21.3119924308129,3790,29.882519908538992,2522.0,2430.0,3070.0,79.15309446254072,1251.0,607.0,48.52118305355715,11162.578611111112,875.0,32663.83942602931,16772.92802253004,213976.14581714285
2026-02,170279614.97,2268.0,2173.0,-9.052818243706485,78361.53473078692,5160.0,5709.0,11570,2441,21.097666378565254,3508,30.319792566983576,2220.0,2145.0,2847.0,75.34246575342466,1118.0,567.0,50.715563506261184,10557.011388888888,871.0,32999.925381782945,16129.52839562312,195498.98389207807
2026-03,189190326.58,2524.0,2419.0,11.105681448323512,78210.13914014056,5666.0,6290.0,12845,2750,21.409108602569095,3917,30.49435578045932,2509.0,2411.0,3185.0,75.69858712715856,1248.0,619.0,49.59935897435898,11130.82,878.0,33390.45650900106,16996.98014881204,215478.73186788155
2026-04,175228930.17,2406.0,2304.0,-7.3795508799951115,76054.2231640625,5585.0,6205.0,12241,2539,20.741769463279145,3696,30.193611633036515,2492.0,2376.0,3017.0,78.75372886973815,1256.0,629.0,50.07961783439491,10620.321666666667,869.0,31374.920352730525,16499.399516304667,201644.33851553508
2026-05,184335483.66,2449.0,2344.0,5.196946349649689,78641.417943686,5800.0,6442.0,12746,2754,21.606778597206965,3878,30.425231445159266,2507.0,2413.0,3194.0,75.54790231684409,1286.0,634.0,49.30015552099534,10833.129166666668,890.0,31781.979941379308,17015.903791417604,207118.52096629213
2026-06,175853449.86,2366.0,2286.0,-4.601411313540038,76926.26853018373,5535.0,6154.0,12128,2677,22.07288918205805,3582,29.534960422163586,2439.0,2366.0,2939.0,80.50357264375639,1218.0,602.0,49.42528735632184,10703.00861111111,875.0,31771.1743197832,16430.282012241056,200975.37126857144
2026-07,187247836.0,2441.0,2335.0,6.479478309394127,80191.79271948608,5666.0,6230.0,12578,2619,20.822070281443793,3684,29.289235172523455,2626.0,2497.0,3016.0,82.79177718832891,1313.0,645.0,49.12414318354912,11180.158611111112,887.0,33047.623720437696,16748.22715072294,211102.40811724914
2026-08,47109695.31,616.0,608.0,-74.84099345746245,77483.05149671053,1566.0,1601.0,3210,669,20.8411214953271,1010,31.464174454828658,685.0,678.0,858.0,79.02097902097903,352.0,186.0,52.84090909090909,2683.8597222222224,404.0,30082.819482758623,17552.964828949185,116608.1567079208
